Setpoint [V], Measured [V]
        0.00,      4.00000
        0.50,      4.00000
        1.00,      4.00000
