Setpoint [V], Measured [V]
        0.00,      0.00316
        0.50,      0.49990
        1.00,      1.00179
