Setpoint [V], Measured [V]
        0.00,      0.00311
        0.50,      0.49986
        1.00,      1.00176
